{"RuleTriggered": 0, "Violations": 0, "Details": {"ratio": {"cpu_functions": 100.0}, "phase": {"Step:ModeKeys.TRAIN": 119.83631788314209, "others": -57.02257222786626, "Step:ModeKeys.EVAL": 37.18625434472417}, "phase_time": {}, "CPU": {"aten::conv2d": 15.389742360437323, "aten::convolution": 15.358736984550891, "aten::_convolution": 15.357820768219485, "aten::mkldnn_convolution": 15.354797199065521, "aten::batch_norm": 4.27024228041345, "aten::_batch_norm_impl_index": 4.268277499251625, "aten::native_batch_norm": 4.266529799100366, "aten::max_pool2d": 2.1482031952860354, "enumerate(DataLoader)#_SingleProcessDataLoaderIter.__next__": 23.5856499136753}, "CPU_total": {"aten::conv2d": 167097171, "aten::convolution": 166760524, "aten::_convolution": 166750576, "aten::mkldnn_convolution": 166717747, "aten::batch_norm": 46365000, "aten::_batch_norm_impl_index": 46343667, "aten::native_batch_norm": 46324691, "aten::max_pool2d": 23324541, "enumerate(DataLoader)#_SingleProcessDataLoaderIter.__next__": 256085858}, "general": {"DataLoaderIterInitialize": 0.0005549669213461131, "DataLoaderIter": 1.9285922708690921, "Forward": 98.07085276220955}}, "Datapoints": 0, "RuleParameters": ""}