{"RuleTriggered": 0, "Violations": 0, "Details": {"Network": {"algo-1": {"max": 85288598.28, "p99": 0, "p95": 0, "p50": 0, "min": 0}, "algo-2": {"max": 57835249.96, "p99": 0, "p95": 0, "p50": 0, "min": 0}, "algo-3": {"max": 63599284.57, "p99": 0, "p95": 0, "p50": 0, "min": 0}, "algo-4": {"max": 92019674.5, "p99": 0, "p95": 0, "p50": 0, "min": 0}, "algo-5": {"max": 73984257.04, "p99": 0, "p95": 0, "p50": 0, "min": 0}, "algo-6": {"max": 77051751.2, "p99": 0, "p95": 0, "p50": 0, "min": 0}, "algo-7": {"max": 63684859.06, "p99": 0, "p95": 0, "p50": 0, "min": 0}, "algo-8": {"max": 58447850.21, "p99": 0, "p95": 0, "p50": 0, "min": 0}}, "GPU": {}, "CPU": {"algo-1": {"max": 64.05, "p99": 57.17, "p95": 55.64, "p50": 40.21, "min": 6.48}, "algo-2": {"max": 67.67, "p99": 60.4, "p95": 57.58, "p50": 49.6, "min": 6.51}, "algo-3": {"max": 66.48, "p99": 60.18, "p95": 57.57, "p50": 49.52, "min": 6.19}, "algo-4": {"max": 62.28, "p99": 57.08, "p95": 55.54, "p50": 40.5, "min": 6.59}, "algo-5": {"max": 62.56, "p99": 57.06, "p95": 55.63, "p50": 40.46, "min": 6.77}, "algo-6": {"max": 64.26, "p99": 56.97, "p95": 55.39, "p50": 39.89, "min": 6.4}, "algo-7": {"max": 62.05, "p99": 57.26, "p95": 55.58, "p50": 40.32, "min": 6.57}, "algo-8": {"max": 69.28, "p99": 57.06, "p95": 55.38, "p50": 40.39, "min": 6.72}}, "CPU memory": {"algo-1": {"max": 6.24, "p99": 5.91, "p95": 5.46, "p50": 3.69, "min": 2.04}, "algo-2": {"max": 6.12, "p99": 5.92, "p95": 5.44, "p50": 3.68, "min": 2.08}, "algo-3": {"max": 6.2, "p99": 6.03, "p95": 5.54, "p50": 3.77, "min": 2.15}, "algo-4": {"max": 6.13, "p99": 5.96, "p95": 5.43, "p50": 3.71, "min": 2.14}, "algo-5": {"max": 6.06, "p99": 5.79, "p95": 5.33, "p50": 3.65, "min": 2.03}, "algo-6": {"max": 6.28, "p99": 6.01, "p95": 5.51, "p50": 3.84, "min": 2.04}, "algo-7": {"max": 6.08, "p99": 5.92, "p95": 5.41, "p50": 3.67, "min": 2.04}, "algo-8": {"max": 6.14, "p99": 5.93, "p95": 5.36, "p50": 3.71, "min": 2.0}}, "GPU memory": {}, "I/O": {"algo-1": {"max": 22.22, "p99": 6.12, "p95": 0.26, "p50": 0, "min": 0}, "algo-2": {"max": 24.1, "p99": 6.88, "p95": 0.37, "p50": 0, "min": 0}, "algo-3": {"max": 26.29, "p99": 5.98, "p95": 0.26, "p50": 0, "min": 0}, "algo-4": {"max": 23.17, "p99": 5.66, "p95": 0.26, "p50": 0, "min": 0}, "algo-5": {"max": 23.28, "p99": 5.74, "p95": 0.26, "p50": 0, "min": 0}, "algo-6": {"max": 27.59, "p99": 7.22, "p95": 0.26, "p50": 0, "min": 0}, "algo-7": {"max": 26.77, "p99": 6.19, "p95": 0.26, "p50": 0, "min": 0}, "algo-8": {"max": 23.13, "p99": 7.0, "p95": 0.36, "p50": 0, "min": 0}}}, "Datapoints": 5918, "RuleParameters": ""}